id,title,description,availability,condition,price,link,image_link,brand,quantity_to_sell_on_facebook,google_product_category,sale_price,additional_image_link,size,color,gender,material,header_image_link
2TL_HP318K1AAR,HP S01-aF2003w Slim Desktop Intel Celeron J4025 2.0GHz 4GB Ram 256GB SSD Bluetooth WiFi Windows 11 Home (Refurbished),HP S01-aF2003w Slim Desktop Intel Celeron J4025 2.0GHz 4GB Ram 256GB SSD Bluetooth WiFi Windows 11 Home (Refurbished),in stock,new,129.99 USD,https://store.flexshopper.com/hp-s01-af2003w-slim-desktop-intel-celeron-j4025-20ghz-4gb-ram-256gb-ssd-bluetooth-wifi-windows-11-home-refurbished-2tlhp318k1aar,http://localhost:3000/resized/2TL_HP318K1AAR.jpg,Flexshopper,10000,42,3.87 USD,https://store.flexshopper.com/media/catalog/product/c/1/c10199ea-1f7c-4846-a5aa-46b965c4a909.7e3eee0b78bf7e69bfa8ec91e304b8fa.jpeg,,,,9ffd8a35d8e367866b3361ec7cdd48eb,https://store.flexshopper.com/media/catalog/product/c/1/c10199ea-1f7c-4846-a5aa-46b965c4a909.7e3eee0b78bf7e69bfa8ec91e304b8fa.jpeg
2TL_HP6T8H4U8R,HP ENVY TE01-3067c Desktop Intel Core i5-12400 2.5GHz 12GB RAM 512GB SSD Wi-Fi Bluetooth Windows 10 Home(Refurbished),HP ENVY TE01-3067c Desktop Intel Core i5-12400 2.5GHz 12GB RAM 512GB SSD Wi-Fi Bluetooth Windows 10 Home(Refurbished),in stock,new,489.99 USD,https://store.flexshopper.com/hp-envy-te01-3067c-desktop-intel-core-i5-12400-25ghz-12gb-ram-512gb-ssd-wi-fi-bluetooth-windows-10-homerefurbished-2tlhp6t8h4u8r,http://localhost:3000/resized/2TL_HP6T8H4U8R.jpg,Flexshopper,10000,42,14.61 USD,https://store.flexshopper.com/media/catalog/product/h/p/hp_319m5aa_aba_envy_i7_12700_16gb_1tb_512gb_1701767.jpg,,,,abbcfc85ae150c442bc1cde08eedc5e9,https://store.flexshopper.com/media/catalog/product/h/p/hp_319m5aa_aba_envy_i7_12700_16gb_1tb_512gb_1701767.jpg
2TL_HP7K927UAR,"HP 15-FD0357NR 15.6"" FHD Touchscreen Laptop Intel Core i7-1355U 3.7GHz 12GB RAM 512GB SSD Windows 11 Home (Refurbished)","HP 15-FD0357NR 15.6"" FHD Touchscreen Laptop Intel Core i7-1355U 3.7GHz 12GB RAM 512GB SSD Windows 11 Home (Refurbished)",in stock,new,629.99 USD,https://store.flexshopper.com/hp-15-fd0357nr-156-fhd-touchscreen-laptop-intel-core-i7-1355u-37ghz-12gb-ram-512gb-ssd-windows-11-home-refurbished-2tlhp7k927uar,http://localhost:3000/resized/2TL_HP7K927UAR.jpg,Flexshopper,10000,42,18.78 USD,https://store.flexshopper.com/media/catalog/product/r/e/renn_4d8cc36c44aca7c733481d32c7bdc2d0.jpeg,,,,0a9c203d12a6ebc9a95fb198d054c237,https://store.flexshopper.com/media/catalog/product/r/e/renn_4d8cc36c44aca7c733481d32c7bdc2d0.jpeg
2TL_HP7L2C7UAR,"HP 15-FD0083WM 15.6"" HD Laptop Intel Pentium N200 1.1GHz 4GB RAM 128GB SSD Windows 11 Home S(Refurbished)","HP 15-FD0083WM 15.6"" HD Laptop Intel Pentium N200 1.1GHz 4GB RAM 128GB SSD Windows 11 Home S(Refurbished)",in stock,new,279.99 USD,https://store.flexshopper.com/hp-15-fd0083wm-156-hd-laptop-intel-pentium-n200-11ghz-4gb-ram-128gb-ssd-windows-11-home-srefurbished-2tlhp7l2c7uar,http://localhost:3000/resized/2TL_HP7L2C7UAR.jpg,Flexshopper,10000,42,8.35 USD,https://store.flexshopper.com/media/catalog/product/H/P/HP-15-6-Intel-Processor-N200-Pentium-4GB-RAM-128GB-UFS-Scarlet-Red-Windows-11-Home-in-S-Mode-15-fd0083wm_3aa1e6a9-fe17-4282-8fe6-ff899b81ac70.88de7282a44fbd262f7b4d64b007bf1a.jpeg,,,,ab476d452af07ec99e16da2e3d3fdc0c,https://store.flexshopper.com/media/catalog/product/H/P/HP-15-6-Intel-Processor-N200-Pentium-4GB-RAM-128GB-UFS-Scarlet-Red-Windows-11-Home-in-S-Mode-15-fd0083wm_3aa1e6a9-fe17-4282-8fe6-ff899b81ac70.88de7282a44fbd262f7b4d64b007bf1a.jpeg
2TL_HP7S4D0UAR-1,"HP 15.6"" HD Chromebook Laptop  Intel Pentium Silver N6000  8GB RAM  64GB eMMC  Mineral Silver  15a-na0058wm (Refurbished)","HP 15.6"" HD Chromebook Laptop  Intel Pentium Silver N6000  8GB RAM  64GB eMMC  Mineral Silver  15a-na0058wm (Refurbished)",in stock,new,249.99 USD,https://store.flexshopper.com/hp-156-hd-chromebook-laptop-intel-pentium-silver-n6000-8gb-ram-64gb-emmc-mineral-silver-15a-na0058wm-refurbished-2tlhp7s4d0uar-1,http://localhost:3000/resized/2TL_HP7S4D0UAR-1.jpg,Flexshopper,10000,42,7.45 USD,https://store.flexshopper.com/media/catalog/product/H/P/HP-15-6-HD-Chromebook-Laptop-Intel-Pentium-Silver-N6000-8GB-RAM-128GB-eMMC-Mineral-Silver-15a-na0058wm_2cb9f52d-a189-451a-abbf-5bb604291552.a484006c7e4c615d975d7a855575714e.jpeg,,,,5c3fb897ffc83e69a8069c384335539b,https://store.flexshopper.com/media/catalog/product/H/P/HP-15-6-HD-Chromebook-Laptop-Intel-Pentium-Silver-N6000-8GB-RAM-128GB-eMMC-Mineral-Silver-15a-na0058wm_2cb9f52d-a189-451a-abbf-5bb604291552.a484006c7e4c615d975d7a855575714e.jpeg
2TL_HP86S56AAR,"HP 27-CR0019 27"" FHD All-In-One Intel Core i5-1335U 1.3GHz 16GB Ram 512GB SSD Windows 11 Home White (Refurbished)","HP 27-CR0019 27"" FHD All-In-One Intel Core i5-1335U 1.3GHz 16GB Ram 512GB SSD Windows 11 Home White (Refurbished)",in stock,new,829.99 USD,https://store.flexshopper.com/hp-27-cr0019-27-fhd-all-in-one-intel-core-i5-1335u-13ghz-16gb-ram-512gb-ssd-windows-11-home-white-refurbished-2tlhp86s56aar,http://localhost:3000/resized/2TL_HP86S56AAR.jpg,Flexshopper,10000,42,24.74 USD,https://store.flexshopper.com/media/catalog/product/r/e/renn_f09bf5a493982f535819a762beed1033.jpeg,,,,60c46ac2870b2eba3eb1770e1b76e19b,https://store.flexshopper.com/media/catalog/product/r/e/renn_f09bf5a493982f535819a762beed1033.jpeg
ACO_2AP13000A,Arctic Wind - 13 000 BTU ASHRAE (8 000 BTU DOE) Portable Air Conditioner,Arctic Wind - 13 000 BTU ASHRAE (8 000 BTU DOE) Portable Air Conditioner,in stock,new,649.99 USD,https://store.flexshopper.com/arctic-wind-13000-btu-ashrae-8000-btu-doe-portable-air-conditioner-aco2ap13000a,http://localhost:3000/resized/ACO_2AP13000A.jpg,Flexshopper,10000,42,19.37 USD,https://store.flexshopper.com/media/catalog/product/2/a/2ap13000a.jpg,,,,f9cfcfa12af9e230af5308517c9d5ed6,https://store.flexshopper.com/media/catalog/product/2/a/2ap13000a.jpg
ACO_AHW0521K1W,5 000 BTU Window Air Conditioner with Mechanical Rotary Controls,5 000 BTU Window Air Conditioner with Mechanical Rotary Controls,in stock,new,229.99 USD,https://store.flexshopper.com/5000-btu-window-air-conditioner-with-mechanical-rotary-controls-acoahw0521k1w,http://localhost:3000/resized/ACO_AHW0521K1W.jpg,Flexshopper,10000,42,6.86 USD,https://store.flexshopper.com/media/catalog/product/6/6/66d4253e2f734600099fc030d03f8874.jpg,,,,40af099c122d73fa2589206227a22d9d,https://store.flexshopper.com/media/catalog/product/6/6/66d4253e2f734600099fc030d03f8874.jpg
ACO_AHW0823TW1W,8 000 BTU Smart Window Inverter Air Conditioner with Wi-fi and Remote Control,8 000 BTU Smart Window Inverter Air Conditioner with Wi-fi and Remote Control,in stock,new,429.99 USD,https://store.flexshopper.com/8000-btu-smart-window-inverter-air-conditioner-with-wi-fi-and-remote-control-acoahw0823tw1w,http://localhost:3000/resized/ACO_AHW0823TW1W.jpg,Flexshopper,10000,42,12.82 USD,https://store.flexshopper.com/media/catalog/product/3/e/3e4c5d973c0739a0bf24cf73d2b33d5e.jpg,,,,5d9cce3de6a63526446d386c23343d03,https://store.flexshopper.com/media/catalog/product/3/e/3e4c5d973c0739a0bf24cf73d2b33d5e.jpg
ACO_AMAP084AW,Amana - 8 000 BTU (5 500 DOE) Portable AC,Amana - 8 000 BTU (5 500 DOE) Portable AC,in stock,new,499.99 USD,https://store.flexshopper.com/amana-8000-btu-5500-doe-portable-ac-acoamap084aw,http://localhost:3000/resized/ACO_AMAP084AW.jpg,Flexshopper,10000,42,14.9 USD,https://store.flexshopper.com/media/catalog/product/7/e/7e52ae7a4033cd0535bc36d1751c8ca3.jpg,,,,7932bdd5f65d63a6cfed1badda6731b2,https://store.flexshopper.com/media/catalog/product/7/e/7e52ae7a4033cd0535bc36d1751c8ca3.jpg
ACO_AMAP101AB-2,Amana - Portable Air Conditioner with Remote Control in White/Black for Rooms up to 350-Sq. Ft.,Amana - Portable Air Conditioner with Remote Control in White/Black for Rooms up to 350-Sq. Ft.,in stock,new,569.99 USD,https://store.flexshopper.com/amana-portable-air-conditioner-with-remote-control-in-whiteblack-for-rooms-up-to-350-sq-ft-acoamap101ab-2,http://localhost:3000/resized/ACO_AMAP101AB-2.jpg,Flexshopper,10000,42,16.99 USD,https://store.flexshopper.com/media/catalog/product/3/3/33d2a7abc641fc8bcf7e5757a243b116.jpg,,,,24eec3015c08bc3f1925155e3cacdc28,https://store.flexshopper.com/media/catalog/product/3/3/33d2a7abc641fc8bcf7e5757a243b116.jpg
ACO_AMAP101AW-2,Amana - Portable Air Conditioner with Remote Control in Silver/Gray for Rooms up to 350-Sq. Ft.,Amana - Portable Air Conditioner with Remote Control in Silver/Gray for Rooms up to 350-Sq. Ft.,in stock,new,569.99 USD,https://store.flexshopper.com/amana-portable-air-conditioner-with-remote-control-in-silvergray-for-rooms-up-to-350-sq-ft-acoamap101aw-2,http://localhost:3000/resized/ACO_AMAP101AW-2.jpg,Flexshopper,10000,42,16.99 USD,https://store.flexshopper.com/media/catalog/product/e/3/e36dbb2b878c5895c702739c5d1cd27e.jpg,,,,878b9e7374d74745fa9bbf4f1669393b,https://store.flexshopper.com/media/catalog/product/e/3/e36dbb2b878c5895c702739c5d1cd27e.jpg
ACO_AMAP121AB-2,Amana - Portable Air Conditioner with Remote Control in White/Black for Rooms up to 450-Sq. Ft.,Amana - Portable Air Conditioner with Remote Control in White/Black for Rooms up to 450-Sq. Ft.,in stock,new,599.99 USD,https://store.flexshopper.com/amana-portable-air-conditioner-with-remote-control-in-whiteblack-for-rooms-up-to-450-sq-ft-acoamap121ab-2,http://localhost:3000/resized/ACO_AMAP121AB-2.jpg,Flexshopper,10000,42,17.88 USD,https://store.flexshopper.com/media/catalog/product/f/4/f4a2fa14d9aeb2fbe48f5ddb4c0edf7c.jpg,,,,dcb30e4f7f000bd7885d229ce7509eb3,https://store.flexshopper.com/media/catalog/product/f/4/f4a2fa14d9aeb2fbe48f5ddb4c0edf7c.jpg
ACO_AMAP242CW,Amana - 24 000 BTU 230V Window-Mounted Air Conditioner with Remote Control,Amana - 24 000 BTU 230V Window-Mounted Air Conditioner with Remote Control,in stock,new,759.99 USD,https://store.flexshopper.com/amana-24000-btu-230v-window-mounted-air-conditioner-with-remote-control-acoamap242cw,http://localhost:3000/resized/ACO_AMAP242CW.jpg,Flexshopper,10000,42,22.65 USD,https://store.flexshopper.com/media/catalog/product/7/9/7934dfab65a3516aabab0432fce15ad4.jpg,,,,1f0b02fc675b007758f0db636c10d7c1,https://store.flexshopper.com/media/catalog/product/7/9/7934dfab65a3516aabab0432fce15ad4.jpg
ACO_AXRGALA01,LG - Stamped Aluminum Rear Grille for 26-inch Wall Sleeve,LG - Stamped Aluminum Rear Grille for 26-inch Wall Sleeve,in stock,new,79.0 USD,https://store.flexshopper.com/lg-stamped-aluminum-rear-grille-for-26-inch-wall-sleeve-acoaxrgala01,http://localhost:3000/resized/ACO_AXRGALA01.jpg,Flexshopper,10000,42,2.35 USD,https://store.flexshopper.com/media/catalog/product/4/0/40fc9c4e5b69cf6e68978178a6145ce0.jpg,,,,c38a69c52a1ce699e36d768cccad626a,https://store.flexshopper.com/media/catalog/product/4/0/40fc9c4e5b69cf6e68978178a6145ce0.jpg
ACO_BD001-BL,LifeSmart 4 Post Fast Airflow Boot Dryer with Deoderizer,LifeSmart 4 Post Fast Airflow Boot Dryer with Deoderizer,in stock,new,79.99 USD,https://store.flexshopper.com/lifesmart-4-post-fast-airflow-boot-dryer-with-deoderizer-acobd001-bl,http://localhost:3000/resized/ACO_BD001-BL.jpg,Flexshopper,10000,42,2.38 USD,https://store.flexshopper.com/media/catalog/product/b/d/bd001bl_1.jpg,,,,260e6ab3da2b34cfc50ec633b447fc44,https://store.flexshopper.com/media/catalog/product/b/d/bd001bl_1.jpg
ACO_CAM25INS-1BLK,25-In. Freestanding 5116 BTU Electric Fireplace Insert with Remote Control,25-In. Freestanding 5116 BTU Electric Fireplace Insert with Remote Control,in stock,new,369.99 USD,https://store.flexshopper.com/25-in-freestanding-5116-btu-electric-fireplace-insert-with-remote-control-acocam25ins-1blk,http://localhost:3000/resized/ACO_CAM25INS-1BLK.jpg,Flexshopper,10000,42,11.03 USD,https://store.flexshopper.com/media/catalog/product/c/a/cam25ins1blk_1.jpg,,,,5623ffdb26b560f0a628c844cee2eb46,https://store.flexshopper.com/media/catalog/product/c/a/cam25ins1blk_1.jpg
ACO_CAM3437-1WHTLG3,Sienna 34-In. Electric Fireplace Heater with White Mantel  Enhanced Log Display  Multi-Color Flames  and Remote Control,Sienna 34-In. Electric Fireplace Heater with White Mantel  Enhanced Log Display  Multi-Color Flames  and Remote Control,in stock,new,729.99 USD,https://store.flexshopper.com/sienna-34-in-electric-fireplace-heater-with-white-mantel-enhanced-log-display-multi-color-flames-and-remote-control-acocam3437-1whtlg3,http://localhost:3000/resized/ACO_CAM3437-1WHTLG3.jpg,Flexshopper,10000,42,14.01 USD,https://store.flexshopper.com/media/catalog/product/c/a/cam34371whtlg3_ei2.jpg,,,,11a752befceae736983f96e43894f268,https://store.flexshopper.com/media/catalog/product/c/a/cam34371whtlg3_ei2.jpg
ACO_CAM42RECWMEF-2WHT,42-In. Recessed Wall Mounted Electric Fireplace with Logs and LED Color Changing Display  White,42-In. Recessed Wall Mounted Electric Fireplace with Logs and LED Color Changing Display  White,in stock,new,619.99 USD,https://store.flexshopper.com/42-in-recessed-wall-mounted-electric-fireplace-with-logs-and-led-color-changing-display-white-acocam42recwmef-2wht,http://localhost:3000/resized/ACO_CAM42RECWMEF-2WHT.jpg,Flexshopper,10000,42,11.33 USD,https://store.flexshopper.com/media/catalog/product/c/a/cam42recwmef2wht_1.jpg,,,,ba555ed0bd70f08c97c7ecb1c05a6b47,https://store.flexshopper.com/media/catalog/product/c/a/cam42recwmef2wht_1.jpg
ACO_CAM42WMEF-1BLK,42-In. Wall-Mount Electric Fireplace in Black with Multi-Color Flames and Crystal Rock Display,42-In. Wall-Mount Electric Fireplace in Black with Multi-Color Flames and Crystal Rock Display,in stock,new,629.99 USD,https://store.flexshopper.com/42-in-wall-mount-electric-fireplace-in-black-with-multi-color-flames-and-crystal-rock-display-acocam42wmef-1blk,http://localhost:3000/resized/ACO_CAM42WMEF-1BLK.jpg,Flexshopper,10000,42,11.03 USD,https://store.flexshopper.com/media/catalog/product/c/a/cam42wmef1blk_6.jpg,,,,4e8348d5f919bb658497abc7d12d4374,https://store.flexshopper.com/media/catalog/product/c/a/cam42wmef1blk_6.jpg
ACO_CAM42WMEF-2BLK,42-In. Wall-Mount Electric Fireplace in Black with Multi-Color Flames and Driftwood Log Display,42-In. Wall-Mount Electric Fireplace in Black with Multi-Color Flames and Driftwood Log Display,in stock,new,629.99 USD,https://store.flexshopper.com/42-in-wall-mount-electric-fireplace-in-black-with-multi-color-flames-and-driftwood-log-display-acocam42wmef-2blk,http://localhost:3000/resized/ACO_CAM42WMEF-2BLK.jpg,Flexshopper,10000,42,11.03 USD,https://store.flexshopper.com/media/catalog/product/c/a/cam42wmef2blk-alt3.jpg,,,,282b84e0f50529b2d420b1c501655e62,https://store.flexshopper.com/media/catalog/product/c/a/cam42wmef2blk-alt3.jpg
ACO_CAM5021-1WHTLG3,Seville Electric Fireplace Heater with 47-In. White TV Stand  Enhanced Log Display  Multi-Color Flames  and Remote Control,Seville Electric Fireplace Heater with 47-In. White TV Stand  Enhanced Log Display  Multi-Color Flames  and Remote Control,in stock,new,899.99 USD,https://store.flexshopper.com/seville-electric-fireplace-heater-with-47-in-white-tv-stand-enhanced-log-display-multi-color-flames-and-remote-control-acocam5021-1whtlg3,http://localhost:3000/resized/ACO_CAM5021-1WHTLG3.jpg,Flexshopper,10000,42,26.83 USD,https://store.flexshopper.com/media/catalog/product/c/a/cam50211whtlg3-alt1.jpg,,,,d6f588c692c9c81446c1788f96c7c8a9,https://store.flexshopper.com/media/catalog/product/c/a/cam50211whtlg3-alt1.jpg
ACO_CAM50RECWMEF-1BLK,50-In. Recessed Wall Mounted Electric Fireplace with Crystal and LED Color Changing Display  Black,50-In. Recessed Wall Mounted Electric Fireplace with Crystal and LED Color Changing Display  Black,in stock,new,699.99 USD,https://store.flexshopper.com/50-in-recessed-wall-mounted-electric-fireplace-with-crystal-and-led-color-changing-display-black-acocam50recwmef-1blk,http://localhost:3000/resized/ACO_CAM50RECWMEF-1BLK.jpg,Flexshopper,10000,42,9.84 USD,https://store.flexshopper.com/media/catalog/product/c/a/cam50recwmef1blk_1.jpg,,,,0f8e54a7e6550733d972a763c152f30b,https://store.flexshopper.com/media/catalog/product/c/a/cam50recwmef1blk_1.jpg
ACO_CAM50RECWMEF-1WHT,50-In. Recessed Wall Mounted Electric Fireplace with Crystal and LED Color Changing Display  White,50-In. Recessed Wall Mounted Electric Fireplace with Crystal and LED Color Changing Display  White,in stock,new,699.99 USD,https://store.flexshopper.com/50-in-recessed-wall-mounted-electric-fireplace-with-crystal-and-led-color-changing-display-white-acocam50recwmef-1wht,http://localhost:3000/resized/ACO_CAM50RECWMEF-1WHT.jpg,Flexshopper,10000,42,9.24 USD,https://store.flexshopper.com/media/catalog/product/c/a/cam50recwmef1wht_ei1.jpg,,,,8b5f48810fdb9ea448550ec3424f3d65,https://store.flexshopper.com/media/catalog/product/c/a/cam50recwmef1wht_ei1.jpg
ACO_CAM50RECWMEF-2WHT,50-In. Recessed Wall Mounted Electric Fireplace with Logs and LED Color Changing Display  White,50-In. Recessed Wall Mounted Electric Fireplace with Logs and LED Color Changing Display  White,in stock,new,699.99 USD,https://store.flexshopper.com/50-in-recessed-wall-mounted-electric-fireplace-with-logs-and-led-color-changing-display-white-acocam50recwmef-2wht,http://localhost:3000/resized/ACO_CAM50RECWMEF-2WHT.jpg,Flexshopper,10000,42,9.24 USD,https://store.flexshopper.com/media/catalog/product/c/a/cam50recwmef2wht_1.jpg,,,,803f0b9c012f09caef742dee386598dd,https://store.flexshopper.com/media/catalog/product/c/a/cam50recwmef2wht_1.jpg
ACO_CAM5332-1WHTLG3,53-In. Sawyer Industrial Electric Fireplace Mantel with Enhanced Log Display and Color Changing Flames  White and Black,53-In. Sawyer Industrial Electric Fireplace Mantel with Enhanced Log Display and Color Changing Flames  White and Black,in stock,new,869.99 USD,https://store.flexshopper.com/53-in-sawyer-industrial-electric-fireplace-mantel-with-enhanced-log-display-and-color-changing-flames-white-and-black-acocam5332-1whtlg3,http://localhost:3000/resized/ACO_CAM5332-1WHTLG3.jpg,Flexshopper,10000,42,15.5 USD,https://store.flexshopper.com/media/catalog/product/c/a/cam53321whtlg3_1.jpg,,,,eae6849e895364f0db288a64133fe9f3,https://store.flexshopper.com/media/catalog/product/c/a/cam53321whtlg3_1.jpg
ACO_CAM5332-1WWCRS,32-In. Sawyer Industrial Electric Fireplace Mantel with Deep Crystal Display and Color Changing Flames  White,32-In. Sawyer Industrial Electric Fireplace Mantel with Deep Crystal Display and Color Changing Flames  White,in stock,new,869.99 USD,https://store.flexshopper.com/32-in-sawyer-industrial-electric-fireplace-mantel-with-deep-crystal-display-and-color-changing-flames-white-acocam5332-1wwcrs,http://localhost:3000/resized/ACO_CAM5332-1WWCRS.jpg,Flexshopper,10000,42,15.5 USD,https://store.flexshopper.com/media/catalog/product/c/a/cam53321wwcrs_4.jpg,,,,bfdfefd968d33b8bc3df4d7d3ca46d51,https://store.flexshopper.com/media/catalog/product/c/a/cam53321wwcrs_4.jpg
ACO_CAM56WMEF-2BLK,Metropolitan 56-In. Wall-Mount Electric Fireplace in Black with Lava Rock Display,Metropolitan 56-In. Wall-Mount Electric Fireplace in Black with Lava Rock Display,in stock,new,699.99 USD,https://store.flexshopper.com/metropolitan-56-in-wall-mount-electric-fireplace-in-black-with-lava-rock-display-acocam56wmef-2blk,http://localhost:3000/resized/ACO_CAM56WMEF-2BLK.jpg,Flexshopper,10000,42,9.84 USD,https://store.flexshopper.com/media/catalog/product/c/a/cam56wmef2blk_ei2.jpg,,,,f1754f977e091928341026b8e312f104,https://store.flexshopper.com/media/catalog/product/c/a/cam56wmef2blk_ei2.jpg
ACO_CAM60RECWMEF-1BLK,60-In. Recessed Wall Mounted Electric Fireplace with Crystal and LED Color Changing Display  Black,60-In. Recessed Wall Mounted Electric Fireplace with Crystal and LED Color Changing Display  Black,in stock,new,949.99 USD,https://store.flexshopper.com/60-in-recessed-wall-mounted-electric-fireplace-with-crystal-and-led-color-changing-display-black-acocam60recwmef-1blk,http://localhost:3000/resized/ACO_CAM60RECWMEF-1BLK.jpg,Flexshopper,10000,42,17.59 USD,https://store.flexshopper.com/media/catalog/product/c/a/cam60recwmef1blk_1.jpg,,,,e86ab431d179dd4530e339c949d39a74,https://store.flexshopper.com/media/catalog/product/c/a/cam60recwmef1blk_1.jpg
ACO_CAM60RECWMEF-1WHT,60-In. Recessed Wall Mounted Electric Fireplace with Crystal and LED Color Changing Display  White,60-In. Recessed Wall Mounted Electric Fireplace with Crystal and LED Color Changing Display  White,in stock,new,849.99 USD,https://store.flexshopper.com/60-in-recessed-wall-mounted-electric-fireplace-with-crystal-and-led-color-changing-display-white-acocam60recwmef-1wht,http://localhost:3000/resized/ACO_CAM60RECWMEF-1WHT.jpg,Flexshopper,10000,42,25.34 USD,https://store.flexshopper.com/media/catalog/product/c/a/cam60recwmef1wht_1.jpg,,,,3f32e3a655e59b6096cda196e6c4e462,https://store.flexshopper.com/media/catalog/product/c/a/cam60recwmef1wht_1.jpg
ACO_CAM60RECWMEF-2BLK,60-In. Recessed Wall Mounted Electric Fireplace with Logs and LED Color Changing Display  Black,60-In. Recessed Wall Mounted Electric Fireplace with Logs and LED Color Changing Display  Black,in stock,new,949.99 USD,https://store.flexshopper.com/60-in-recessed-wall-mounted-electric-fireplace-with-logs-and-led-color-changing-display-black-acocam60recwmef-2blk,http://localhost:3000/resized/ACO_CAM60RECWMEF-2BLK.jpg,Flexshopper,10000,42,17.59 USD,https://store.flexshopper.com/media/catalog/product/c/a/cam60recwmef2blk_1.jpg,,,,b071e3b73ee6b3f76eb8302491b08fb0,https://store.flexshopper.com/media/catalog/product/c/a/cam60recwmef2blk_1.jpg
ACO_CAM60RECWMEF-2WHT,60-In. Recessed Wall Mounted Electric Fireplace with Logs and LED Color Changing Display  White,60-In. Recessed Wall Mounted Electric Fireplace with Logs and LED Color Changing Display  White,in stock,new,849.99 USD,https://store.flexshopper.com/60-in-recessed-wall-mounted-electric-fireplace-with-logs-and-led-color-changing-display-white-acocam60recwmef-2wht,http://localhost:3000/resized/ACO_CAM60RECWMEF-2WHT.jpg,Flexshopper,10000,42,25.34 USD,https://store.flexshopper.com/media/catalog/product/c/a/cam60recwmef2wht_2.jpg,,,,67f2047fbeb173b749b3780f8e5756d5,https://store.flexshopper.com/media/catalog/product/c/a/cam60recwmef2wht_2.jpg
ACO_CAM6215-1SNDCRS,62-In. Summit Farmhouse Style Electric Fireplace Mantel with Deep Crystal Insert  Sandstone,62-In. Summit Farmhouse Style Electric Fireplace Mantel with Deep Crystal Insert  Sandstone,in stock,new,1249.99 USD,https://store.flexshopper.com/62-in-summit-farmhouse-style-electric-fireplace-mantel-with-deep-crystal-insert-sandstone-acocam6215-1sndcrs,http://localhost:3000/resized/ACO_CAM6215-1SNDCRS.jpg,Flexshopper,10000,42,37.26 USD,https://store.flexshopper.com/media/catalog/product/c/a/cam62151sndcrs_9.jpg,,,,6dbc7e4044fcc140ccfffc2e63cb768a,https://store.flexshopper.com/media/catalog/product/c/a/cam62151sndcrs_9.jpg
ACO_CAM6215-1WHTCRS,62-In. Summit Farmhouse Style Electric Fireplace Mantel with Deep Crystal Insert  White,62-In. Summit Farmhouse Style Electric Fireplace Mantel with Deep Crystal Insert  White,in stock,new,1159.99 USD,https://store.flexshopper.com/62-in-summit-farmhouse-style-electric-fireplace-mantel-with-deep-crystal-insert-white-acocam6215-1whtcrs,http://localhost:3000/resized/ACO_CAM6215-1WHTCRS.jpg,Flexshopper,10000,42,34.58 USD,https://store.flexshopper.com/media/catalog/product/c/a/cam62151whtcrs_ei2.jpg,,,,14e136cf30de10ee8c23e77fcdf4a2e7,https://store.flexshopper.com/media/catalog/product/c/a/cam62151whtcrs_ei2.jpg
ACO_CAM7233-1WALLG3,Sanoma Electric Fireplace Heater with 72-In. Walnut Mantel  Bookshelves  Enhanced Multi-Color Log Display  and Remote,Sanoma Electric Fireplace Heater with 72-In. Walnut Mantel  Bookshelves  Enhanced Multi-Color Log Display  and Remote,in stock,new,1379.99 USD,https://store.flexshopper.com/sanoma-electric-fireplace-heater-with-72-in-walnut-mantel-bookshelves-enhanced-multi-color-log-display-and-remote-acocam7233-1wallg3,http://localhost:3000/resized/ACO_CAM7233-1WALLG3.jpg,Flexshopper,10000,42,41.13 USD,https://store.flexshopper.com/media/catalog/product/c/a/cam72331wallg3_ei1.jpg,,,,17b7484404290caff4535a4b75e104d2,https://store.flexshopper.com/media/catalog/product/c/a/cam72331wallg3_ei1.jpg
ACO_CAM7233-1WHTLG3,Sanoma Electric Fireplace Heater with 72-In. White Mantel  Bookshelves  Enhanced Multi-Color Log Display  and Remote,Sanoma Electric Fireplace Heater with 72-In. White Mantel  Bookshelves  Enhanced Multi-Color Log Display  and Remote,in stock,new,1379.99 USD,https://store.flexshopper.com/sanoma-electric-fireplace-heater-with-72-in-white-mantel-bookshelves-enhanced-multi-color-log-display-and-remote-acocam7233-1whtlg3,http://localhost:3000/resized/ACO_CAM7233-1WHTLG3.jpg,Flexshopper,10000,42,41.13 USD,https://store.flexshopper.com/media/catalog/product/c/a/cam72331whtlg3_ei1.jpg,,,,50c597a29eeff2f6e1432fd4bec7bf0d,https://store.flexshopper.com/media/catalog/product/c/a/cam72331whtlg3_ei1.jpg
ACO_CAM78WMEF-2WHT,78-In. Wall-Mount Electric Fireplace in White with Multi-Color Flames and Driftwood Log Display,78-In. Wall-Mount Electric Fireplace in White with Multi-Color Flames and Driftwood Log Display,in stock,new,999.99 USD,https://store.flexshopper.com/78-in-wall-mount-electric-fireplace-in-white-with-multi-color-flames-and-driftwood-log-display-acocam78wmef-2wht,http://localhost:3000/resized/ACO_CAM78WMEF-2WHT.jpg,Flexshopper,10000,42,19.37 USD,https://store.flexshopper.com/media/catalog/product/c/a/cam78wmef2wht-alt2.jpg,,,,8d7a3ea7a4fca0d46d1af8ea60d0af72,https://store.flexshopper.com/media/catalog/product/c/a/cam78wmef2wht-alt2.jpg
ACO_CAMDN11PC-GRY,"Cameron 11pc: 10 Aluminum Sling Chairs  63-94"" Aluminum Extension Table","Cameron 11pc: 10 Aluminum Sling Chairs  63-94"" Aluminum Extension Table",in stock,new,2049.99 USD,https://store.flexshopper.com/cameron-11pc-10-aluminum-sling-chairs-63-94-aluminum-extension-table-acocamdn11pc-gry,http://localhost:3000/resized/ACO_CAMDN11PC-GRY.jpg,Flexshopper,10000,42,61.11 USD,https://store.flexshopper.com/media/catalog/product/2/f/2fdd7c8199b2de4ce49e95f4eea666de.jpg,,,,601b8708135f823599908a22401f4050,https://store.flexshopper.com/media/catalog/product/2/f/2fdd7c8199b2de4ce49e95f4eea666de.jpg
ACO_CGH1020D,De'Longhi - Livenza All-Day Countertop Grill with FlexPress System,De'Longhi - Livenza All-Day Countertop Grill with FlexPress System,in stock,new,364.95 USD,https://store.flexshopper.com/delonghi-livenza-all-day-countertop-grill-with-flexpress-system-acocgh1020d,http://localhost:3000/resized/ACO_CGH1020D.jpg,Flexshopper,10000,42,10.88 USD,https://store.flexshopper.com/media/catalog/product/f/3/f3d7e1c634ab49a8a513e1d03af076d6.jpg,,,,59266addc478f397692a207dbe9ce533,https://store.flexshopper.com/media/catalog/product/f/3/f3d7e1c634ab49a8a513e1d03af076d6.jpg
ACO_CORTSOFA-GMASH,Commercial Aluminum Sofa with Sunbrella Cushion,Commercial Aluminum Sofa with Sunbrella Cushion,in stock,new,2149.99 USD,https://store.flexshopper.com/commercial-aluminum-sofa-with-sunbrella-cushion-acocortsofa-gmash,http://localhost:3000/resized/ACO_CORTSOFA-GMASH.jpg,Flexshopper,10000,42,64.09 USD,https://store.flexshopper.com/media/catalog/product/c/a/ca6941818448a4e85123d5cb9f3c03de.jpg,,,,be92cdceef74b16a26fb15ba28583e78,https://store.flexshopper.com/media/catalog/product/c/a/ca6941818448a4e85123d5cb9f3c03de.jpg
ACO_DLE3400W,LG 7.4-Cu. Ft. Front Load Electric Dryer in White,LG 7.4-Cu. Ft. Front Load Electric Dryer in White,in stock,new,1044.99 USD,https://store.flexshopper.com/lg-74-cu-ft-front-load-electric-dryer-in-white-acodle3400w,http://localhost:3000/resized/ACO_DLE3400W.jpg,Flexshopper,10000,42,31.15 USD,https://store.flexshopper.com/media/catalog/product/d/l/dle3400w.jpg,,,,7a6843dff9b5b098211018efdc48aca1,https://store.flexshopper.com/media/catalog/product/d/l/dle3400w.jpg
ACO_DLEX4200B,LG 7.4-Cu. Ft. Front Load Electric Dryer with TurboSteam and Built-In Intelligence  Black Steel,LG 7.4-Cu. Ft. Front Load Electric Dryer with TurboSteam and Built-In Intelligence  Black Steel,in stock,new,1594.99 USD,https://store.flexshopper.com/lg-74-cu-ft-front-load-electric-dryer-with-turbosteam-and-built-in-intelligence-black-steel-acodlex4200b,http://localhost:3000/resized/ACO_DLEX4200B.jpg,Flexshopper,10000,42,47.54 USD,https://store.flexshopper.com/media/catalog/product/d/l/dlex4200b.jpg,,,,51f7b03dce5bd602e5ccdd9a2167a2a2,https://store.flexshopper.com/media/catalog/product/d/l/dlex4200b.jpg
ACO_DLGX4001W,LG 7.4-Cu. Ft. Front Load Gas Dryer with TurboSteam and Built-In Intelligence  White,LG 7.4-Cu. Ft. Front Load Gas Dryer with TurboSteam and Built-In Intelligence  White,in stock,new,1374.99 USD,https://store.flexshopper.com/lg-74-cu-ft-front-load-gas-dryer-with-turbosteam-and-built-in-intelligence-white-acodlgx4001w,http://localhost:3000/resized/ACO_DLGX4001W.jpg,Flexshopper,10000,42,40.99 USD,https://store.flexshopper.com/media/catalog/product/d/l/dlgx4001w.jpg,,,,7aff525eca09105f1b6c890ae71117bb,https://store.flexshopper.com/media/catalog/product/d/l/dlgx4001w.jpg
ACO_DLSC059,De'Longhi - Espresso Coffee Knock-Out Box,De'Longhi - Espresso Coffee Knock-Out Box,in stock,new,29.99 USD,https://store.flexshopper.com/delonghi-espresso-coffee-knock-out-box-acodlsc059,http://localhost:3000/resized/ACO_DLSC059.jpg,Flexshopper,10000,42,0.89 USD,https://store.flexshopper.com/media/catalog/product/9/8/9838d3b3b4f6c55e999c050044d561d8.jpg,,,,6d49920bd954988326893d60b6e5fe28,https://store.flexshopper.com/media/catalog/product/9/8/9838d3b3b4f6c55e999c050044d561d8.jpg
ACO_DLSC311,De'Longhi - 6 Oz. Cappuccino Glasses (2-pack),De'Longhi - 6 Oz. Cappuccino Glasses (2-pack),in stock,new,32.95 USD,https://store.flexshopper.com/delonghi-6-oz-cappuccino-glasses-2-pack-acodlsc311,http://localhost:3000/resized/ACO_DLSC311.jpg,Flexshopper,10000,42,0.98 USD,https://store.flexshopper.com/media/catalog/product/b/0/b019e2e95df80ba75b9a1a85a3ccb027.jpg,,,,d5ea23c75d2036969c31ec726ec8f4b3,https://store.flexshopper.com/media/catalog/product/b/0/b019e2e95df80ba75b9a1a85a3ccb027.jpg
ACO_EMK6,De'Longhi - Electric Moka Espresso Maker,De'Longhi - Electric Moka Espresso Maker,in stock,new,99.99 USD,https://store.flexshopper.com/delonghi-electric-moka-espresso-maker-acoemk6,http://localhost:3000/resized/ACO_EMK6.jpg,Flexshopper,10000,42,2.98 USD,https://store.flexshopper.com/media/catalog/product/b/f/bfadc5034ced8b174ffbad015f9bed23.jpg,,,,6000220ce0fdab636a6f72ba7e988fc5,https://store.flexshopper.com/media/catalog/product/b/f/bfadc5034ced8b174ffbad015f9bed23.jpg
ACO_EO141164M,De'Longhi - Livenza 0.5 Cu. Ft. Capacity Air Fry Convection Oven,De'Longhi - Livenza 0.5 Cu. Ft. Capacity Air Fry Convection Oven,in stock,new,324.99 USD,https://store.flexshopper.com/delonghi-livenza-05-cu-ft-capacity-air-fry-convection-oven-acoeo141164m,http://localhost:3000/resized/ACO_EO141164M.jpg,Flexshopper,10000,42,9.69 USD,https://store.flexshopper.com/media/catalog/product/7/5/754b1e013aea518a97f2d6bfbf6ed168.jpg,,,,adba207234c7183b6c052bf6cca104f7,https://store.flexshopper.com/media/catalog/product/7/5/754b1e013aea518a97f2d6bfbf6ed168.jpg
ACO_FEJ16C,LifeSmart 1000W Tabletop Infrared Fireplace Space Heater with Flame Effect,LifeSmart 1000W Tabletop Infrared Fireplace Space Heater with Flame Effect,in stock,new,89.99 USD,https://store.flexshopper.com/lifesmart-1000w-tabletop-infrared-fireplace-space-heater-with-flame-effect-acofej16c,http://localhost:3000/resized/ACO_FEJ16C.jpg,Flexshopper,10000,42,2.68 USD,https://store.flexshopper.com/media/catalog/product/f/e/fej16c_1.jpg,,,,ad2e558b04ca6d39927123bdd8d1854d,https://store.flexshopper.com/media/catalog/product/f/e/fej16c_1.jpg
ACO_FGRQ0633U1,Frigidaire - 115V 6 000 BTU Window Air Conditioner with Remote Control,Frigidaire - 115V 6 000 BTU Window Air Conditioner with Remote Control,in stock,new,399.99 USD,https://store.flexshopper.com/frigidaire-115v-6000-btu-window-air-conditioner-with-remote-control-acofgrq0633u1,http://localhost:3000/resized/ACO_FGRQ0633U1.jpg,Flexshopper,10000,42,11.92 USD,https://store.flexshopper.com/media/catalog/product/4/f/4ff72c72d18c42af4f9489aaf2821895.jpg,,,,c9b97ea95fc3a5c3a4eb2964d3b2ccaf,https://store.flexshopper.com/media/catalog/product/4/f/4ff72c72d18c42af4f9489aaf2821895.jpg
ACO_FH2394.BK,De'Longhi - Rapid Crisp 5-Quart Digital Air Fryer in Black,De'Longhi - Rapid Crisp 5-Quart Digital Air Fryer in Black,in stock,new,249.99 USD,https://store.flexshopper.com/delonghi-rapid-crisp-5-quart-digital-air-fryer-in-black-acofh2394bk,http://localhost:3000/resized/ACO_FH2394.BK.jpg,Flexshopper,10000,42,7.45 USD,https://store.flexshopper.com/media/catalog/product/f/0/f01e904438b0daa461d154a5fd0837bf.jpg,,,,b41a1df3853e05a4707b7793ec1f1130,https://store.flexshopper.com/media/catalog/product/f/0/f01e904438b0daa461d154a5fd0837bf.jpg
ACO_FHCP062AKR,Freonic - 9 000 BTU (6 350 BTU DOE) Portable Air Conditioner,Freonic - 9 000 BTU (6 350 BTU DOE) Portable Air Conditioner,in stock,new,479.99 USD,https://store.flexshopper.com/freonic-9000-btu-6350-btu-doe-portable-air-conditioner-acofhcp062akr,http://localhost:3000/resized/ACO_FHCP062AKR.jpg,Flexshopper,10000,42,14.31 USD,https://store.flexshopper.com/media/catalog/product/9/6/9636ccd64d2f8a7961e89fc3c1d28a91.jpg,,,,637ff7cf9aada175fd63dbc840420338,https://store.flexshopper.com/media/catalog/product/9/6/9636ccd64d2f8a7961e89fc3c1d28a91.jpg
ACO_FHCP101AKR,Freonic - 14 500 BTU (10 800 BTU DOE) Portable Air Conditioner,Freonic - 14 500 BTU (10 800 BTU DOE) Portable Air Conditioner,in stock,new,579.99 USD,https://store.flexshopper.com/freonic-14500-btu-10800-btu-doe-portable-air-conditioner-acofhcp101akr,http://localhost:3000/resized/ACO_FHCP101AKR.jpg,Flexshopper,10000,42,17.29 USD,https://store.flexshopper.com/media/catalog/product/4/5/45d9db4cf5de8d4632ad7395fa926abc.jpg,,,,88e2871a240c2e7da5effd5efb463ce6,https://store.flexshopper.com/media/catalog/product/4/5/45d9db4cf5de8d4632ad7395fa926abc.jpg
ACO_FHCW061ABE,Freonic - 6 000 BTU Sleek Design Window Air Conditioner,Freonic - 6 000 BTU Sleek Design Window Air Conditioner,in stock,new,329.99 USD,https://store.flexshopper.com/freonic-6000-btu-sleek-design-window-air-conditioner-acofhcw061abe,http://localhost:3000/resized/ACO_FHCW061ABE.jpg,Flexshopper,10000,42,9.84 USD,https://store.flexshopper.com/media/catalog/product/f/h/fhcw061abe.jpg,,,,162d3cf45c63f43a6370d96704386bec,https://store.flexshopper.com/media/catalog/product/f/h/fhcw061abe.jpg
ACO_FHWC083TB1,Frigidaire - 8 000 BTU Window Air Conditioner with Remote in White,Frigidaire - 8 000 BTU Window Air Conditioner with Remote in White,in stock,new,329.0 USD,https://store.flexshopper.com/frigidaire-8000-btu-window-air-conditioner-with-remote-in-white-acofhwc083tb1,http://localhost:3000/resized/ACO_FHWC083TB1.jpg,Flexshopper,10000,42,9.81 USD,https://store.flexshopper.com/media/catalog/product/4/4/448b04703132e3099a7f53f88470aeb9.jpg,,,,4a3e157dd7f76f6efe1c9f02dd2746db,https://store.flexshopper.com/media/catalog/product/4/4/448b04703132e3099a7f53f88470aeb9.jpg
ACO_FOXDN5PCS-GRY,"Foxhill 5pc Dining Set: 4 Sling Dining Chairs and 1 38"" Square Slat Table","Foxhill 5pc Dining Set: 4 Sling Dining Chairs and 1 38"" Square Slat Table",in stock,new,1889.99 USD,https://store.flexshopper.com/foxhill-5pc-dining-set-4-sling-dining-chairs-and-1-38-square-slat-table-acofoxdn5pcs-gry,http://localhost:3000/resized/ACO_FOXDN5PCS-GRY.jpg,Flexshopper,10000,42,56.34 USD,https://store.flexshopper.com/media/catalog/product/4/c/4cb1ab89726012225db8a40f6ae20112.jpg,,,,efb13a2a8e5700ab6207e14bdc1ea15f,https://store.flexshopper.com/media/catalog/product/4/c/4cb1ab89726012225db8a40f6ae20112.jpg
ACO_FOXHLDNCHR-1GM,Commercial Sling Aluminum Dining Chair,Commercial Sling Aluminum Dining Chair,in stock,new,299.99 USD,https://store.flexshopper.com/commercial-sling-aluminum-dining-chair-acofoxhldnchr-1gm,http://localhost:3000/resized/ACO_FOXHLDNCHR-1GM.jpg,Flexshopper,10000,42,8.94 USD,https://store.flexshopper.com/media/catalog/product/d/3/d3ed4f24164bd9b6f7e90673bfa3989c.jpg,,,,bd9e8e3f58d20072f85f17bb4516f215,https://store.flexshopper.com/media/catalog/product/d/3/d3ed4f24164bd9b6f7e90673bfa3989c.jpg
ACO_FP1052-OAK,3-Element Infrared Fireplace in Oak Mantel,3-Element Infrared Fireplace in Oak Mantel,in stock,new,439.99 USD,https://store.flexshopper.com/3-element-infrared-fireplace-in-oak-mantel-acofp1052-oak,http://localhost:3000/resized/ACO_FP1052-OAK.jpg,Flexshopper,10000,42,13.12 USD,https://store.flexshopper.com/media/catalog/product/f/p/fp1052oak_1.jpg,,,,26e8b0f4bae4b8e79a3fe10fa0acd775,https://store.flexshopper.com/media/catalog/product/f/p/fp1052oak_1.jpg
ACO_FP1215,3-Element Small Square Infrared Fireplace with Faux Stone Accent,3-Element Small Square Infrared Fireplace with Faux Stone Accent,in stock,new,439.99 USD,https://store.flexshopper.com/3-element-small-square-infrared-fireplace-with-faux-stone-accent-acofp1215,http://localhost:3000/resized/ACO_FP1215.jpg,Flexshopper,10000,42,13.12 USD,https://store.flexshopper.com/media/catalog/product/f/p/fp1215_1.jpg,,,,3858655a7c9a148efe56097dc319915c,https://store.flexshopper.com/media/catalog/product/f/p/fp1215_1.jpg
ACO_FP2042,Medium Square Fireplace with Decorative Mantel Trim,Medium Square Fireplace with Decorative Mantel Trim,in stock,new,439.99 USD,https://store.flexshopper.com/medium-square-fireplace-with-decorative-mantel-trim-acofp2042,http://localhost:3000/resized/ACO_FP2042.jpg,Flexshopper,10000,42,13.12 USD,https://store.flexshopper.com/media/catalog/product/f/p/fp2042_1.jpg,,,,40c65cdbb091da112afaf5420ce45951,https://store.flexshopper.com/media/catalog/product/f/p/fp2042_1.jpg
ACO_FP2043,Large Square Infrared Faux Stone Fireplace,Large Square Infrared Faux Stone Fireplace,in stock,new,639.99 USD,https://store.flexshopper.com/large-square-infrared-faux-stone-fireplace-acofp2043,http://localhost:3000/resized/ACO_FP2043.jpg,Flexshopper,10000,42,19.08 USD,https://store.flexshopper.com/media/catalog/product/f/p/fp2043_1.jpg,,,,646a998ab005525c95d1e55ecb42b873,https://store.flexshopper.com/media/catalog/product/f/p/fp2043_1.jpg
ACO_GPA06AK,Gree - Portable Air Conditioner with Remote Control for a Room up to 350 Sq. Ft.,Gree - Portable Air Conditioner with Remote Control for a Room up to 350 Sq. Ft.,in stock,new,459.99 USD,https://store.flexshopper.com/gree-portable-air-conditioner-with-remote-control-for-a-room-up-to-350-sq-ft-acogpa06ak,http://localhost:3000/resized/ACO_GPA06AK.jpg,Flexshopper,10000,42,13.71 USD,https://store.flexshopper.com/media/catalog/product/c/d/cd90cfb14d488dfe789bfb221221c808.jpg,,,,96f596d46a8ca116d1ac32a3eeb0aa14,https://store.flexshopper.com/media/catalog/product/c/d/cd90cfb14d488dfe789bfb221221c808.jpg
ACO_H10W4MW,10 000 BTU Smart Inverter Window Air Conditioner,10 000 BTU Smart Inverter Window Air Conditioner,in stock,new,499.99 USD,https://store.flexshopper.com/10000-btu-smart-inverter-window-air-conditioner-acoh10w4mw,http://localhost:3000/resized/ACO_H10W4MW.jpg,Flexshopper,10000,42,14.9 USD,https://store.flexshopper.com/media/catalog/product/a/e/aec34ff72c049597b20640500bd00eef.jpg,,,,5367af8fdc0630fb8e92372a3ad93b2d,https://store.flexshopper.com/media/catalog/product/a/e/aec34ff72c049597b20640500bd00eef.jpg
ACO_H12W4MW,12 000 BTU Smart Inverter Window Air Conditioner,12 000 BTU Smart Inverter Window Air Conditioner,in stock,new,549.99 USD,https://store.flexshopper.com/12000-btu-smart-inverter-window-air-conditioner-acoh12w4mw,http://localhost:3000/resized/ACO_H12W4MW.jpg,Flexshopper,10000,42,16.39 USD,https://store.flexshopper.com/media/catalog/product/8/0/80c81d2d0c275f71c0e1b64048152424.jpg,,,,269294436094158fde97dad03ad32be6,https://store.flexshopper.com/media/catalog/product/8/0/80c81d2d0c275f71c0e1b64048152424.jpg
ACO_H8W4MW,8 000 BTU Smart Inverter Window Air Conditioner,8 000 BTU Smart Inverter Window Air Conditioner,in stock,new,449.99 USD,https://store.flexshopper.com/8000-btu-smart-inverter-window-air-conditioner-acoh8w4mw,http://localhost:3000/resized/ACO_H8W4MW.jpg,Flexshopper,10000,42,13.41 USD,https://store.flexshopper.com/media/catalog/product/0/9/090edf7191bdb67d3168df9babdb4070.jpg,,,,55e0e3d523dfcb1c49decb5c17978788,https://store.flexshopper.com/media/catalog/product/0/9/090edf7191bdb67d3168df9babdb4070.jpg
ACO_HANCVR-REC,Hanover Cover for Recliner,Hanover Cover for Recliner,in stock,new,79.99 USD,https://store.flexshopper.com/hanover-cover-for-recliner-acohancvr-rec,http://localhost:3000/resized/ACO_HANCVR-REC.jpg,Flexshopper,10000,42,2.38 USD,https://store.flexshopper.com/media/catalog/product/d/0/d0fb3d5cb12d3e04fa269c680505e5ac.jpg,,,,870670f97e6457a96582154a7b9b1460,https://store.flexshopper.com/media/catalog/product/d/0/d0fb3d5cb12d3e04fa269c680505e5ac.jpg
ACO_HF8CESVWK5,Honeywell - 8 000 BTU Smart Wi-Fi Portable Air Conditioner and Dehumidifier,Honeywell - 8 000 BTU Smart Wi-Fi Portable Air Conditioner and Dehumidifier,in stock,new,449.99 USD,https://store.flexshopper.com/honeywell-8000-btu-smart-wi-fi-portable-air-conditioner-and-dehumidifier-acohf8cesvwk5,http://localhost:3000/resized/ACO_HF8CESVWK5.jpg,Flexshopper,10000,42,13.41 USD,https://store.flexshopper.com/media/catalog/product/9/6/960cb691e80bff8de760e5eedc814960.jpg,,,,4323d013da6cc5f40e5dd7bb27e43404,https://store.flexshopper.com/media/catalog/product/9/6/960cb691e80bff8de760e5eedc814960.jpg
ACO_HJ2CESWK8,Honeywell - 12 000 BTU Portable Air Conditioner with Dehumidifier & Fan,Honeywell - 12 000 BTU Portable Air Conditioner with Dehumidifier & Fan,in stock,new,609.99 USD,https://store.flexshopper.com/honeywell-12000-btu-portable-air-conditioner-with-dehumidifier-and-fan-acohj2ceswk8,http://localhost:3000/resized/ACO_HJ2CESWK8.jpg,Flexshopper,10000,42,18.18 USD,https://store.flexshopper.com/media/catalog/product/4/b/4b9d3c8d40e58c880e518fde256222b6.jpg,,,,5380d4c7e9915fa583885609a4a6bde5,https://store.flexshopper.com/media/catalog/product/4/b/4b9d3c8d40e58c880e518fde256222b6.jpg
ACO_HM1010BK,Braun - Multi Mix 1 Hand Mixer with Beaters  Dough Hooks and Accessory Bag,Braun - Multi Mix 1 Hand Mixer with Beaters  Dough Hooks and Accessory Bag,in stock,new,77.95 USD,https://store.flexshopper.com/braun-multi-mix-1-hand-mixer-with-beaters-dough-hooks-and-accessory-bag-acohm1010bk,http://localhost:3000/resized/ACO_HM1010BK.jpg,Flexshopper,10000,42,2.32 USD,https://store.flexshopper.com/media/catalog/product/f/f/ffda5873b21b38c5703ac7072805dc83.jpg,,,,16293bfc6b7855419925dca66b73f62d,https://store.flexshopper.com/media/catalog/product/f/f/ffda5873b21b38c5703ac7072805dc83.jpg
ACO_HM2CESAWK8,Honeywell - 11 000 BTU Portable Air Conditioner,Honeywell - 11 000 BTU Portable Air Conditioner,in stock,new,589.99 USD,https://store.flexshopper.com/honeywell-11000-btu-portable-air-conditioner-acohm2cesawk8,http://localhost:3000/resized/ACO_HM2CESAWK8.jpg,Flexshopper,10000,42,17.59 USD,https://store.flexshopper.com/media/catalog/product/6/3/635fa91f4ac8942053c012c51dfde8fd.jpg,,,,b751950fcf5be8fa74192391ba79f93d,https://store.flexshopper.com/media/catalog/product/6/3/635fa91f4ac8942053c012c51dfde8fd.jpg
ACO_HT1109,LifeSmart 3 Sided Flame View Infrared Heater Stove,LifeSmart 3 Sided Flame View Infrared Heater Stove,in stock,new,129.99 USD,https://store.flexshopper.com/lifesmart-3-sided-flame-view-infrared-heater-stove-acoht1109,http://localhost:3000/resized/ACO_HT1109.jpg,Flexshopper,10000,42,3.87 USD,https://store.flexshopper.com/media/catalog/product/h/t/ht1109_ei1.jpg,,,,3550385561d89dea4f6fb97d18b2ee30,https://store.flexshopper.com/media/catalog/product/h/t/ht1109_ei1.jpg
ACO_HT1153W,LifeSmart 3-Element Slim Line Heater Unit in White,LifeSmart 3-Element Slim Line Heater Unit in White,in stock,new,129.99 USD,https://store.flexshopper.com/lifesmart-3-element-slim-line-heater-unit-in-white-acoht1153w,http://localhost:3000/resized/ACO_HT1153W.jpg,Flexshopper,10000,42,3.87 USD,https://store.flexshopper.com/media/catalog/product/h/t/ht1153w_1.jpg,,,,947de62edda18832404d098db480e8e5,https://store.flexshopper.com/media/catalog/product/h/t/ht1153w_1.jpg
ACO_HT1216,LifeSmart 23 Inch Tower Heater with Oscillation,LifeSmart 23 Inch Tower Heater with Oscillation,in stock,new,159.99 USD,https://store.flexshopper.com/lifesmart-23-inch-tower-heater-with-oscillation-acoht1216,http://localhost:3000/resized/ACO_HT1216.jpg,Flexshopper,10000,42,4.77 USD,https://store.flexshopper.com/media/catalog/product/h/t/ht1216_1.jpg,,,,d9b77f41e3c4f07b11d9e66c3ddcbe44,https://store.flexshopper.com/media/catalog/product/h/t/ht1216_1.jpg
ACO_HT1270,LifeSmart 6-Element Front Air Intake Heater,LifeSmart 6-Element Front Air Intake Heater,in stock,new,99.99 USD,https://store.flexshopper.com/lifesmart-6-element-front-air-intake-heater-acoht1270,http://localhost:3000/resized/ACO_HT1270.jpg,Flexshopper,10000,42,2.98 USD,https://store.flexshopper.com/media/catalog/product/h/t/ht1270_1.jpg,,,,61910d475de5ce0395ed12a1483d99b3,https://store.flexshopper.com/media/catalog/product/h/t/ht1270_1.jpg
ACO_HT1288,LifeSmart Topside Infared Stove Heater,LifeSmart Topside Infared Stove Heater,in stock,new,99.99 USD,https://store.flexshopper.com/lifesmart-topside-infared-stove-heater-acoht1288,http://localhost:3000/resized/ACO_HT1288.jpg,Flexshopper,10000,42,2.98 USD,https://store.flexshopper.com/media/catalog/product/h/t/ht1288_1.jpg,,,,40ee9b578c70f65f495eb0366d81e1d5,https://store.flexshopper.com/media/catalog/product/h/t/ht1288_1.jpg
ACO_K45SSWH,KitchenAid 10-Speed Tilt-Head Stand Mixer in White,KitchenAid 10-Speed Tilt-Head Stand Mixer in White,in stock,new,399.99 USD,https://store.flexshopper.com/kitchenaid-10-speed-tilt-head-stand-mixer-in-white-acok45sswh,http://localhost:3000/resized/ACO_K45SSWH.jpg,Flexshopper,10000,42,11.92 USD,https://store.flexshopper.com/media/catalog/product/k/4/k45sswh.jpg,,,,857e0578574a6b6813ce79be85ee6576,https://store.flexshopper.com/media/catalog/product/k/4/k45sswh.jpg
ACO_KCG8433BM,KitchenAid Burr Coffee Grinder in Black Matte,KitchenAid Burr Coffee Grinder in Black Matte,in stock,new,239.99 USD,https://store.flexshopper.com/kitchenaid-burr-coffee-grinder-in-black-matte-acokcg8433bm,http://localhost:3000/resized/ACO_KCG8433BM.jpg,Flexshopper,10000,42,7.15 USD,https://store.flexshopper.com/media/catalog/product/k/c/kcg8433bm.jpg,,,,2c586ff7a8ee1eb6068b86eac4fdeff7,https://store.flexshopper.com/media/catalog/product/k/c/kcg8433bm.jpg
ACO_KF5650BK,Braun - PureFlavor 14-Cup Coffee Maker,Braun - PureFlavor 14-Cup Coffee Maker,in stock,new,89.99 USD,https://store.flexshopper.com/braun-pureflavor-14-cup-coffee-maker-acokf5650bk,http://localhost:3000/resized/ACO_KF5650BK.jpg,Flexshopper,10000,42,2.68 USD,https://store.flexshopper.com/media/catalog/product/9/f/9f76253adf3070c3e7c78962698839c9.jpg,,,,16b99e6e72da211afa2c7fec1df99aae,https://store.flexshopper.com/media/catalog/product/9/f/9f76253adf3070c3e7c78962698839c9.jpg
ACO_KF7000BK,Braun - BrewSense 12-Cup Drip Coffee Maker in Black,Braun - BrewSense 12-Cup Drip Coffee Maker in Black,in stock,new,99.99 USD,https://store.flexshopper.com/braun-brewsense-12-cup-drip-coffee-maker-in-black-acokf7000bk,http://localhost:3000/resized/ACO_KF7000BK.jpg,Flexshopper,10000,42,2.98 USD,https://store.flexshopper.com/media/catalog/product/c/2/c2361b182c7c6cd07a75781c386d3b36.jpg,,,,87311bd0253fa09c74837b767ff4ce3b,https://store.flexshopper.com/media/catalog/product/c/2/c2361b182c7c6cd07a75781c386d3b36.jpg
ACO_KF9150WH,Braun - MultiServe 10-Cup SCA Certified Coffee Maker with Internal Water Spout and Glass Carafe in White,Braun - MultiServe 10-Cup SCA Certified Coffee Maker with Internal Water Spout and Glass Carafe in White,in stock,new,233.95 USD,https://store.flexshopper.com/braun-multiserve-10-cup-sca-certified-coffee-maker-with-internal-water-spout-and-glass-carafe-in-white-acokf9150wh,http://localhost:3000/resized/ACO_KF9150WH.jpg,Flexshopper,10000,42,6.97 USD,https://store.flexshopper.com/media/catalog/product/c/c/cc9b01ba26d649a9e0562e6250d97ae3.jpg,,,,a5390ed933b2c2dbd5d2aabd272ba1b8,https://store.flexshopper.com/media/catalog/product/c/c/cc9b01ba26d649a9e0562e6250d97ae3.jpg
ACO_KFC0516OB,KitchenAid 5-Cup Food Chopper with Multi-Purpose Blade and Whisk Accessory  Onyx Black,KitchenAid 5-Cup Food Chopper with Multi-Purpose Blade and Whisk Accessory  Onyx Black,in stock,new,79.99 USD,https://store.flexshopper.com/kitchenaid-5-cup-food-chopper-with-multi-purpose-blade-and-whisk-accessory-onyx-black-acokfc0516ob,http://localhost:3000/resized/ACO_KFC0516OB.jpg,Flexshopper,10000,42,2.38 USD,https://store.flexshopper.com/media/catalog/product/k/f/kfc0516ob.jpg,,,,976a3df2eb74e32d76e86eecde23ad23,https://store.flexshopper.com/media/catalog/product/k/f/kfc0516ob.jpg
ACO_KFC0516WH,KitchenAid 5-Cup Food Chopper with Multi-Purpose Blade and Whisk Accessory  White,KitchenAid 5-Cup Food Chopper with Multi-Purpose Blade and Whisk Accessory  White,in stock,new,79.99 USD,https://store.flexshopper.com/kitchenaid-5-cup-food-chopper-with-multi-purpose-blade-and-whisk-accessory-white-acokfc0516wh,http://localhost:3000/resized/ACO_KFC0516WH.jpg,Flexshopper,10000,42,2.38 USD,https://store.flexshopper.com/media/catalog/product/k/f/kfc0516wh.jpg,,,,80fe379ee8adc8bf3d4281b04175e10e,https://store.flexshopper.com/media/catalog/product/k/f/kfc0516wh.jpg
ACO_KFC3516WH,KitchenAid 3.5-Cup Mini Food Processor in White,KitchenAid 3.5-Cup Mini Food Processor in White,in stock,new,69.99 USD,https://store.flexshopper.com/kitchenaid-35-cup-mini-food-processor-in-white-acokfc3516wh,http://localhost:3000/resized/ACO_KFC3516WH.jpg,Flexshopper,10000,42,2.09 USD,https://store.flexshopper.com/media/catalog/product/k/f/kfc3516wh.jpg,,,,d9b3140bd04e7318df8a67a46d419943,https://store.flexshopper.com/media/catalog/product/k/f/kfc3516wh.jpg
ACO_KFE5T,KitchenAid Flex Edge Beater for 4.5 and 5 Qt. Tilt-Head Stand Mixers,KitchenAid Flex Edge Beater for 4.5 and 5 Qt. Tilt-Head Stand Mixers,in stock,new,49.99 USD,https://store.flexshopper.com/kitchenaid-flex-edge-beater-for-45-and-5-qt-tilt-head-stand-mixers-acokfe5t,http://localhost:3000/resized/ACO_KFE5T.jpg,Flexshopper,10000,42,1.49 USD,https://store.flexshopper.com/media/catalog/product/k/f/kfe5t.jpg,,,,e66b32aeae24dd8def6c52e4700a152f,https://store.flexshopper.com/media/catalog/product/k/f/kfe5t.jpg
ACO_KFP0718ER,KitchenAid Easy Store 7-Cup Food Processor in Empire Red,KitchenAid Easy Store 7-Cup Food Processor in Empire Red,in stock,new,99.99 USD,https://store.flexshopper.com/kitchenaid-easy-store-7-cup-food-processor-in-empire-red-acokfp0718er,http://localhost:3000/resized/ACO_KFP0718ER.jpg,Flexshopper,10000,42,2.98 USD,https://store.flexshopper.com/media/catalog/product/k/f/kfp0718er.jpg,,,,218e87b6f47fe8dd906d164f70c33831,https://store.flexshopper.com/media/catalog/product/k/f/kfp0718er.jpg
ACO_KFP0718WH,KitchenAid Easy Store 7-Cup Food Processor in White,KitchenAid Easy Store 7-Cup Food Processor in White,in stock,new,99.99 USD,https://store.flexshopper.com/kitchenaid-easy-store-7-cup-food-processor-in-white-acokfp0718wh,http://localhost:3000/resized/ACO_KFP0718WH.jpg,Flexshopper,10000,42,2.98 USD,https://store.flexshopper.com/media/catalog/product/k/f/kfp0718wh.jpg,,,,34fae5fa075d520aef07c1493a909469,https://store.flexshopper.com/media/catalog/product/k/f/kfp0718wh.jpg
ACO_KFP0921BM,KitchenAid 9-Cup Food Processor in Black Matte,KitchenAid 9-Cup Food Processor in Black Matte,in stock,new,159.99 USD,https://store.flexshopper.com/kitchenaid-9-cup-food-processor-in-black-matte-acokfp0921bm,http://localhost:3000/resized/ACO_KFP0921BM.jpg,Flexshopper,10000,42,4.77 USD,https://store.flexshopper.com/media/catalog/product/k/f/kfp0921bm.jpg,,,,96fd2dce169c43f3c14cdcacb4dae3f4,https://store.flexshopper.com/media/catalog/product/k/f/kfp0921bm.jpg
ACO_KFP0921CU,KitchenAid 9-Cup Food Processor in Contour Silver,KitchenAid 9-Cup Food Processor in Contour Silver,in stock,new,159.99 USD,https://store.flexshopper.com/kitchenaid-9-cup-food-processor-in-contour-silver-acokfp0921cu,http://localhost:3000/resized/ACO_KFP0921CU.jpg,Flexshopper,10000,42,4.77 USD,https://store.flexshopper.com/media/catalog/product/k/f/kfp0921cu.jpg,,,,df6d4ac412659fbe4f4eb5aaf3b94723,https://store.flexshopper.com/media/catalog/product/k/f/kfp0921cu.jpg
ACO_KFP1318WH,KitchenAid 13-Cup Food Processor with Work Bowl in White,KitchenAid 13-Cup Food Processor with Work Bowl in White,in stock,new,199.99 USD,https://store.flexshopper.com/kitchenaid-13-cup-food-processor-with-work-bowl-in-white-acokfp1318wh,http://localhost:3000/resized/ACO_KFP1318WH.jpg,Flexshopper,10000,42,5.96 USD,https://store.flexshopper.com/media/catalog/product/k/f/kfp1318wh.jpg,,,,369ed0b5fb5d9ad09d75c6769088f637,https://store.flexshopper.com/media/catalog/product/k/f/kfp1318wh.jpg
ACO_KHBV53BM,KitchenAid Corded Variable-Speed Immersion Blender in Black Matte with Blending Jar,KitchenAid Corded Variable-Speed Immersion Blender in Black Matte with Blending Jar,in stock,new,69.99 USD,https://store.flexshopper.com/kitchenaid-corded-variable-speed-immersion-blender-in-black-matte-with-blending-jar-acokhbv53bm,http://localhost:3000/resized/ACO_KHBV53BM.jpg,Flexshopper,10000,42,2.09 USD,https://store.flexshopper.com/media/catalog/product/k/h/khbv53bm.jpg,,,,855ba0e26f36a1848838fc4092e25088,https://store.flexshopper.com/media/catalog/product/k/h/khbv53bm.jpg
ACO_KHM512IC,KitchenAid Ultra Power 5-Speed Hand Mixer in Ice Blue,KitchenAid Ultra Power 5-Speed Hand Mixer in Ice Blue,in stock,new,69.99 USD,https://store.flexshopper.com/kitchenaid-ultra-power-5-speed-hand-mixer-in-ice-blue-acokhm512ic,http://localhost:3000/resized/ACO_KHM512IC.jpg,Flexshopper,10000,42,2.09 USD,https://store.flexshopper.com/media/catalog/product/k/h/khm512ic.jpg,,,,e9b45e196b826af2c01ad7f384c3ee01,https://store.flexshopper.com/media/catalog/product/k/h/khm512ic.jpg
ACO_KHM512OB,KitchenAid Ultra Power 5-Speed Hand Mixer in Onyx Black,KitchenAid Ultra Power 5-Speed Hand Mixer in Onyx Black,in stock,new,69.99 USD,https://store.flexshopper.com/kitchenaid-ultra-power-5-speed-hand-mixer-in-onyx-black-acokhm512ob,http://localhost:3000/resized/ACO_KHM512OB.jpg,Flexshopper,10000,42,2.09 USD,https://store.flexshopper.com/media/catalog/product/k/h/khm512ob.jpg,,,,8bb3337d7f60abbe4bba43d6a238534b,https://store.flexshopper.com/media/catalog/product/k/h/khm512ob.jpg
ACO_KHM7210CU,KitchenAid 7-Speed Hand Mixer with Turbo Beaters II in Contour Silver,KitchenAid 7-Speed Hand Mixer with Turbo Beaters II in Contour Silver,in stock,new,99.99 USD,https://store.flexshopper.com/kitchenaid-7-speed-hand-mixer-with-turbo-beaters-ii-in-contour-silver-acokhm7210cu,http://localhost:3000/resized/ACO_KHM7210CU.jpg,Flexshopper,10000,42,2.98 USD,https://store.flexshopper.com/media/catalog/product/k/h/khm7210cu.jpg,,,,538ff6b35e651711b4d9bfa0bbae85ed,https://store.flexshopper.com/media/catalog/product/k/h/khm7210cu.jpg
ACO_KHM7210OB,KitchenAid 7-Speed Hand Mixer with Turbo Beaters II in Onyx Black,KitchenAid 7-Speed Hand Mixer with Turbo Beaters II in Onyx Black,in stock,new,99.99 USD,https://store.flexshopper.com/kitchenaid-7-speed-hand-mixer-with-turbo-beaters-ii-in-onyx-black-acokhm7210ob,http://localhost:3000/resized/ACO_KHM7210OB.jpg,Flexshopper,10000,42,2.98 USD,https://store.flexshopper.com/media/catalog/product/k/h/khm7210ob.jpg,,,,5e9a587c2df7233783ced5e31bb77d01,https://store.flexshopper.com/media/catalog/product/k/h/khm7210ob.jpg
ACO_KMT2115CU,KitchenAid 2-Slice Toaster with Illuminated Button in Contour Silver,KitchenAid 2-Slice Toaster with Illuminated Button in Contour Silver,in stock,new,69.99 USD,https://store.flexshopper.com/kitchenaid-2-slice-toaster-with-illuminated-button-in-contour-silver-acokmt2115cu,http://localhost:3000/resized/ACO_KMT2115CU.jpg,Flexshopper,10000,42,2.09 USD,https://store.flexshopper.com/media/catalog/product/k/m/kmt2115cu.jpg,,,,3989b76bf86b3169ce68a414b79c6428,https://store.flexshopper.com/media/catalog/product/k/m/kmt2115cu.jpg
ACO_KMT4115OB,KitchenAid 4-Slice Toaster with Illuminated Buttons in Onyx Black,KitchenAid 4-Slice Toaster with Illuminated Buttons in Onyx Black,in stock,new,89.99 USD,https://store.flexshopper.com/kitchenaid-4-slice-toaster-with-illuminated-buttons-in-onyx-black-acokmt4115ob,http://localhost:3000/resized/ACO_KMT4115OB.jpg,Flexshopper,10000,42,2.68 USD,https://store.flexshopper.com/media/catalog/product/k/m/kmt4115ob.jpg,,,,8af38403ebc41c8fc210dd93edb64c45,https://store.flexshopper.com/media/catalog/product/k/m/kmt4115ob.jpg
ACO_KMT4115SX,KitchenAid 4-Slice Toaster with Manual High-Lift Lever,KitchenAid 4-Slice Toaster with Manual High-Lift Lever,in stock,new,89.99 USD,https://store.flexshopper.com/kitchenaid-4-slice-toaster-with-manual-high-lift-lever-acokmt4115sx,http://localhost:3000/resized/ACO_KMT4115SX.jpg,Flexshopper,10000,42,2.68 USD,https://store.flexshopper.com/media/catalog/product/k/m/kmt4115sx.jpg,,,,191e149d42885b26087b2b19eebb98c3,https://store.flexshopper.com/media/catalog/product/k/m/kmt4115sx.jpg
ACO_KSM150PSAC,KitchenAid Artisan Series 325-Watt Tilt-Back Head Stand Mixer in Almond Cream,KitchenAid Artisan Series 325-Watt Tilt-Back Head Stand Mixer in Almond Cream,in stock,new,529.99 USD,https://store.flexshopper.com/kitchenaid-artisan-series-325-watt-tilt-back-head-stand-mixer-in-almond-cream-acoksm150psac,http://localhost:3000/resized/ACO_KSM150PSAC.jpg,Flexshopper,10000,42,15.8 USD,https://store.flexshopper.com/media/catalog/product/k/s/ksm150psac.jpg,,,,3db7a8cb1da9ba66b1a1164cdd6447ef,https://store.flexshopper.com/media/catalog/product/k/s/ksm150psac.jpg
ACO_KSM150PSBK,KitchenAid Artisan Series 325-Watt Tilt-Back Head Stand Mixer in Imperial Black,KitchenAid Artisan Series 325-Watt Tilt-Back Head Stand Mixer in Imperial Black,in stock,new,529.99 USD,https://store.flexshopper.com/kitchenaid-artisan-series-325-watt-tilt-back-head-stand-mixer-in-imperial-black-acoksm150psbk,http://localhost:3000/resized/ACO_KSM150PSBK.jpg,Flexshopper,10000,42,15.8 USD,https://store.flexshopper.com/media/catalog/product/k/s/ksm150psbk.jpg,,,,e8aca7a0145d18f41dc5df4cb9afc18a,https://store.flexshopper.com/media/catalog/product/k/s/ksm150psbk.jpg
ACO_KSM150PSDR,KitchenAid Artisan Series 325-Watt Tilt-Back Head Stand Mixer in Matte Dried Rose,KitchenAid Artisan Series 325-Watt Tilt-Back Head Stand Mixer in Matte Dried Rose,in stock,new,529.99 USD,https://store.flexshopper.com/kitchenaid-artisan-series-325-watt-tilt-back-head-stand-mixer-in-matte-dried-rose-acoksm150psdr,http://localhost:3000/resized/ACO_KSM150PSDR.jpg,Flexshopper,10000,42,15.8 USD,https://store.flexshopper.com/media/catalog/product/k/s/ksm150psdr.jpg,,,,6aca31f993a8052ad75bde4963b8645e,https://store.flexshopper.com/media/catalog/product/k/s/ksm150psdr.jpg
ACO_KSM150PSER,KitchenAid Artisan Series 325-Watt Tilt-Back Head Stand Mixer in Empire Red,KitchenAid Artisan Series 325-Watt Tilt-Back Head Stand Mixer in Empire Red,in stock,new,529.99 USD,https://store.flexshopper.com/kitchenaid-artisan-series-325-watt-tilt-back-head-stand-mixer-in-empire-red-acoksm150pser,http://localhost:3000/resized/ACO_KSM150PSER.jpg,Flexshopper,10000,42,15.8 USD,https://store.flexshopper.com/media/catalog/product/k/s/ksm150pser.jpg,,,,fbd6843c2eecbdee3a7ff956db0e2b27,https://store.flexshopper.com/media/catalog/product/k/s/ksm150pser.jpg
